url,property_native_id,barrio,distrito,latitude,longitude,page_source,scrape_status,scraped_timestamp,description,energy_certificate_main_classification,energy_consumption_rating,energy_consumption_value,energy_emissions_rating,energy_emissions_value,Adaptado a personas con movilidad reducida,Agua,Aire acondicionado,Amueblado,Antigüedad,Armarios empotrados,Ascensor,Balcón,Baños,Calefacción,Calle alumbrada,Calle asfaltada,Carpintería exterior,Carpintería interior,Chimenea,Cocina equipada,Comedor,Conservación,Exterior,Garaje,Gas,Gastos de comunidad,Habitaciones,Interior,Jardín,Lavadero,Luz,No se aceptan mascotas,Orientación,Piscina,Planta,Portero automático,Puerta blindada,Referencia,Sistema de seguridad,Soleado,Superficie construida,Superficie útil,Teléfono,Terraza,Tipo suelo,Trastero,Urbanizado,Vidrios dobles,rent_eur_per_month
https://www.pisos.com/alquilar/piso-san_blas_simancas28037-54257013451_100500/,54257013451.100500,Simancas,San Blas,"40,4381495","-3,6219488",1,Success,2025-05-30T19:35:58.905079,"VOhome Propiedades Suanzes/Salvador/Simancas alquila en exclusiva: Piso de 2 dormitorios en perfecto estado en la urbanización mas exclusiva de la zona. NUEVO MUNDO. El piso dispone de 2 baños, uno con plato de ducha y otro baño en suite completo con bañera y fantástica torre de hidromasaje. El inmueble se alquila sin muebles a excepción de la cocina que esta totalmente amueblada y equipada con todos los electrodomésticos y tiene acceso a tendedero/lavandería cerrada con lavadora y secadora. Destaca por su iluminación que orienta hacia el sur toda la vivienda. Armarios empotrados en segundo dormitorio y recibidor. Vestidor en dormitorio principal. Aire acondicionado por conducto en toda la vivienda con termostato regulado individualmente en todas las estancias. Suelo radiante. Plaza de garaje y trastero incluidos en el precio. NO SE ACEPTAN MASCOTAS. ¡¡¡VISITAS A PARTIR DEL DIA 2 DE JUNIO!!!! Esta increíble urbanización cuenta con mas de 10.000m2 con preciosas zonas ajardinadas, fuentes y un pequeño estanque, además de contar con 3 piscinas, 2 pistas de pádel, 1 pista deportiva (futbol/ baloncesto), salas de eventos y/o juntas, gimnasio y 2 zonas infantiles para la diversión de los mas pequeños. Conserje 24h y varias entradas de acceso y salida por diferentes calles de la zona. Acceso directo a la avenida Arcentales, M-40, M-30, A-2, Wanda Metropolitano, Aeropuerto Adolfo Suárez Barajas. Todo tipo de comercios en los alrededores: supermercados, almacenes, bancos, restaurantes, etc. Parques y zonas verdes. No dude en llamarnos para coordinar su visita. Mejor ver!!",En trámite,,,,,True,,Frío,,Entre 20 y 30 años,1,True,,2,Gas natural,,,,,,Cocina amueblada,,En buen estado,True,1,,,2,,Privado,True,,,Sur,Comunitaria,3ª,,True,SIM12253040,True,,97 m²,76 m²,,,Tarima flotante,True,,True,1500
https://www.pisos.com/alquilar/piso-fuente_del_berro28028-575224267_440000/,575224267.440000,Fuente del Berro,Salamanca,40.4290471,-3.6664739,1,Success,2025-05-30T19:36:00.625291,"¡Oportunidad de alquiler! Este luminoso piso exterior, con una superficie aproximada de 65 m² construidos, se encuentra en una excelente ubicación en la Calle Alcalá, a pocos pasos del Parque de Eva Perón y la Plaza de Manuel Becerra. La vivienda consta de tres dormitorios, de los cuales dos son dobles y uno es simple, lo que la hace ideal para adaptarse a tus necesidades. Además, dispone de salón, una cocina independiente completamente equipada y un baño completo. También cuenta con una terraza, perfecta para disfrutar de momentos al aire libre. El piso se alquila amueblado, con suelos de gres, ascensor y calefacción y agua caliente individual eléctrica. La finca dispone de conserje, lo que añade comodidad a la vivienda. La ubicación es excelente, con diversas líneas de autobuses en la puerta, facilitando el acceso a toda la ciudad. El alquiler es temporal, con una duración mínima de 6 y máxima de 11 meses, ideal para quienes buscan una estancia cómoda y bien conectada en una de las zonas más solicitadas de la ciudad. No dejes pasar esta oportunidad. ¡Contáctanos para más información y para agendar tu visita!",En trámite,,,,,,True,,True,Más de 50 años,,True,,1,Individual eléctrica,,,PVC,Aluminio,,Independiente,True,En buen estado,True,,,Incluidos,3,,,,True,,Noroeste,,6ª,Conserje,True,20815,,True,65 m²,50 m²,,True,Grés,,,,1700
https://www.pisos.com/alquilar/piso-justicia_chueca28004-49205237030_528374/,49205237030.528374,Justicia-Chueca,Centro,40.42541,-3.6997473,1,Success,2025-05-30T19:36:02.346367,"Alquilo piso luminoso. Tiene un salón, un dormitorio, cocina y baño y dispone una buhardilla con espacio para poner un despacho o habitación, se accede por una escalera por una trampilla en el techo. Ultima planta que contara próximamente con ascensor, ya que tenemos un compromiso de puesta en marcha en dos meses. Muy cerca del metro de Tribunal situada junto a la calle Fuencarral, zona de gran atractivo en el centro de la ciudad, y rodeada de todos los servicios, con comercio de proximidad y tradicional, e importante oferta gastronómica, y de ocio; bares, cafés, terrazas y restaurantes; también teatros, cines y museos en un entorno de los mas populares del centro de Madrid. La vivienda, en una quinta planta, es tranquila, y donde no se percibe el bullicio exterior.",En trámite,,,,,,,Frío,,Entre 30 y 50 años,,,,1,Eléctrica,,,,,,True,,En buen estado,True,,,,2,,,,,,,,4ª,,,000007,,,65 m²,60 m²,,,Tarima flotante,,,,1500
https://www.pisos.com/alquilar/chalet_adosado-mirasierra_arroyo_del_fresno28035-51733423042_520609/,51733423042.520609,Mirasierra-Arroyo del Fresno,Fuencarral-El Pardo,40.4873347,-3.7237234,1,Success,2025-05-30T19:36:04.081956,"Nos encontramos ante un chalet adosado en una de las mejores zonas de Madrid, Arroyofresno. Una casa bañada por la luz a través de sus amplios ventanales, y sus terrazas, ya que casi todos los dormitorios cuentan con una, con amplio jardín, piscina comunitaria, en definitiva, una vivienda orientada a ofrecer una vida tranquila en familia. Situada en un entorno discreto, privado, especial para personas que buscan un estilo de vida urbano, pero sin renunciar a nada. Con presencia de comercios, restauración, colegios, hospitales. Muy bien comunicado a través de transporte público, metro, autobús y cercanías. Así como de una gran red de carreteras. 286 m2 construidos / 285 m2 útiles 6 dormitorios 3 baños completos 1 aseo Salón con chimenea Amplio garaje Sala de lavado Trastero.",En trámite,,,,,,,Frío y calor,Solo la cocina y los baños,Entre 20 y 30 años,Más de 2,,,4,Gas natural,True,True,Aluminio,Madera,True,True,Con chimenea,Reformado,,2,True,,6,,Privado,True,,,Sur,Comunitaria,,,True,ALQUILER CHALE PLAZA VALLE DE LA JAROSA,,,286 m²,285 m²,True,True,Parquet,,True,True,3950
https://www.pisos.com/alquilar/piso-valdemarin-45072478244_101800/,45072478244.101800,Valdemarín,Moncloa-Aravaca,40.467967091,-3.800096129,1,Success,2025-05-30T19:36:05.772170,"Apartamentos exclusivos con todos los servicios en inmejorable zona, Urb. La Florida. Completamente equipados: wifi, menaje, cubertería, vajilla. Servicio de limpieza incluido. Parking. Estancia desde un mes. Urbanización La Florida, Aravaca, una de las zonas más exclusivas del Noroeste de Madrid, a cinco minutos de Moncloa. Rápido acceso desde la A-6, Hospital de la Zarzuela. [IW]",No indicado,,,,,,,,,Entre 20 y 30 años,1,True,,2,,,,,,,,,,,,,,2,,,,,,,,2ª,,,La Florida,,,70 m²,,,,,,,,2200
https://www.pisos.com/alquilar/piso-justicia_chueca28004-52524614200_100500/,52524614200.100500,Justicia-Chueca,Centro,40.4226065,-3.6991962,1,Success,2025-05-30T19:36:07.492975,"¡¡Piso totalmente reformado, a estrenar, 2 dormitorios y dos baños, 1 vestidor, amueblado, 2 balcones, cocina equipada, calidades top!! ¡¡Excelente ubicación!! ¡ Descubre esta elegante propiedad en alquiler, un espacioso apartamento de 83 metros cuadrados que cuenta con 2 amplias habitaciones y 2 baños uno de ellos en suite, ideal para aquellos que buscan comodidad y estilo en un mismo lugar! Con una ubicación privilegiada, este hogar es perfecto para disfrutar de la vida en la ciudad. La reforma se pensó para aprovechar muy bien los espacios, en la cocina para ampliar el área de almacenamiento y electrodomésticos, dando como resultado espacios limpios y acogedores en toda la vivienda. La iluminación cuidadosamente diseñada, incluye luces indirectas y candilejas, creando ambientes acogedores y cálidos. Este juego de luces no solo realza la belleza de los espacios, sino que también invita a disfrutar de momentos agradables y relajantes en un entorno confortable. Calidades: - suelos de tarima de madera en toda la casa excepto en los baños. - puertas lacadas en blanco. - electrodomésticos bosch - aire acondicionado y bomba de calor: mitsubishi electric - aparatos sanitarios y grifería: nk porcelanosa - ventanas: cortizo. - radiadores de diseño. - calefacción individual. El barrio de chueca-justicia es conocido por su ambiente cosmopolita y su diversidad cultural. Pasear por sus calles es una experiencia única, llena de tiendas de moda, cafés acogedores y una animada vida nocturna. La calle augusto figueroa, en particular, es un lugar ideal para disfrutar de la energía del barrio, con fácil acceso a transporte público ( a 2min andando al metro de chueca) y a pocos pasos de lugares emblemáticos como la plaza de chueca y el mercado de san antón. Aquí, la comunidad es cálida y acogedora, lo que lo convierte en un lugar perfecto para vivir. Condiciones de alquiler: - fianza: 1 meses. - garantía adicional: 3 mes. - disponibilidad: inmediata - se solicitará solvencia económica. - no se admiten mascotas. ¡No te pierdas la oportunidad de formar parte de este maravilloso entorno! Contáctanos para más información!",Disponible,D,110 kWh/m² año,D,22 Kg CO₂/m² año,,,True,True,Más de 50 años,1,True,True,2,True,,,,,,,,,,,,,2,,,,,,Sureste,,5ª,,,9635001141/9635,,,83 m²,77 m²,,,,,,,2650
https://www.pisos.com/alquilar/piso-lista_barrio28006-54170213820_998146/,54170213820.998146,Lista,Salamanca,40.4288104,-3.6736545,1,Success,2025-05-30T19:36:09.216569,"¡Descubre tu nuevo hogar en el corazón de Madrid! Este encantador piso de 53 m², ubicado en una finca con ascensor y portero físico, es perfecto para una pareja o una persona sola que busque comodidad y estilo. Con un amplio dormitorio que cuenta con un gran armario empotrado y un segundo dormitorio idealmente montado como comedor, este espacio se adapta a tus necesidades. La cocina está totalmente equipada con electrodomésticos y menaje necesario, lista para que prepares tus platos favoritos. Disfruta de la luz natural que inunda el interior gracias a las ventanas abatibles de aluminio con rotura de puente térmico. Además, los suelos de pergo aislantes y las puertas blancas aportan un toque moderno y acogedor. El baño cuenta con un práctico plato de ducha, y el aire acondicionado frío-calor por conducto garantiza tu confort en cualquier época del año. La ubicación es inmejorable, cerca de Conde de Peñalver, con acceso a una amplia variedad de comercios, restaurantes y servicios, incluyendo el Corte Inglés de Goya. La estación de metro L-4 Lista está a pocos pasos, facilitando tus desplazamientos por la ciudad. Este piso es una excelente opción para quienes buscan calidad de vida en una zona vibrante y bien comunicada. Se requiere solvencia para el alquiler. ¡No dejes pasar esta oportunidad y ven a verlo!",En trámite,,,,,,,Frío y calor,True,Más de 50 años,1,True,,1,Eléctrica,,,Aluminio,,,True,True,En buen estado,,,,,2,Muy luminioso,,,,True,,,1ª,True,True,Alcántara,Portero físico,,53 m²,50 m²,,,Pergo aislante,,,,1600
https://www.pisos.com/alquilar/estudio-justicia_chueca28004-50050215109_992227/,50050215109.992227,Justicia-Chueca,Centro,40.425045,-3.6990557,1,Success,2025-05-30T19:36:10.977193,"Disponibilidad inmediata. Estudio en alquiler TEMPORAL. ALQUILER MINIMO 8 MESES SIN POSIBILIDAD DE ESTANCIAS MAS CORTAS. JF Gestión Inmobiliaria alquila magnifico estudio en planta baja de un edificio representativo. El edificio con ascensor, tiene un patio de corrala muy típico del Madrid del año 1900. El estudio está con reforma integral. Se entrega completamente amueblado y equipado. Dispone de un armario empotrado vestido interiormente en el hall hall, salón-dormitorio con cocina americana equipada con vitrocerámica, lavadora-secadora, frigorífico de diseño, campana extractora, baño independiente con ducha separada, TV colgada en pared. Tiene calefacción eléctrica, puerta blindada y video portero. Todas las luces del estudio son led. Ubicado en el distrito de Justicia, en el barrio de Chueca, junto a los metros de Alonso Martínez, Tribunal y Bilbao, a un paso de la Gran Vía. A menos de 300 metros del IED (Instituto Europeo de Diseño) Los gastos de wifi, agua, IBI y comunidad, están incluidos en el precio del alquiler. Contrato de temporada (12 meses). Para periodos de arrendamiento entre 8 y 12 meses, consultar precio, condiciones y disponibilidad. Condiciones del arrendamiento: 2 meses fianza. 1 mes corriente o la parte proporcional. 1 mensualidad comisión agencia + IVA. Para empleados por cuenta ajena: 3 últimas nominas + vida laboral. copia de DNI/NIE/pasaporte Para estudiantes carta de admisión de la universidad, copia de DNI/NIE/pasaporte. Para periodos de arrendamiento inferiores a 12 meses, consultar precio, condiciones y disponibilidad. No se admiten mascotas. Imprescindible garantías económicas o en su defecto aval bancario por la duración de la estancia. Este anuncio es meramente informativo, con posibilidad de variaciones en el texto y condiciones del arrendamiento, por lo que no es vinculante ni contractual. ¡No pierdas esta oportunidad! Contacta con nosotros y asegura tu nuevo hogar en una de las zonas más dinámicas de Madrid. Disponibilidad inmediata. ¡Te esperamos!",En trámite,,,,,,,,True,Más de 50 años,1,True,,1,Eléctrica,,,Aluminio,,,Equipada,,A estrenar,,,,,,True,,,,True,Este,,Bajo,,True,EAT: 3062,,,28 m²,28 m²,,,Gres,,,,980
https://www.pisos.com/alquilar/piso-pinar_del_rey28033-52514594158_101800/,52514594158.101800,Pinar del Rey,Hortaleza,40.4708981,-3.6354396,1,Success,2025-05-30T19:36:12.719805,"Casas y más alquila amplía y luminosa vivienda en el barrio de hortaleza, junto al metro mar de cristal. Se encuentra a pocos metros del centro comercial gran vía de hortaleza. Con todos los servicios necesarios a tu alcance. Esta amplia vivienda dispone de un recibidor de entrada, salón independiente con acceso a una gran terraza acristalada y aire acondicionado. Pasamos a la cocina, donde podría incorporarse una mesa para comer y con tendedero. Amplia y con gran capacidad de desahogo para almacenamiento. La vivienda tiene 3 dormitorios con armarios empotrados y aire acondicionado. Dos espaciosos baños completan esta estupenda vivienda. Vistas amplias y agradables. Zona sin restricciones para aparcar. Plaza de garaje y trastero incluidos en el precio. Para alquilar esta estupenda vivienda es necesario acreditar solvencia económica y profesional. Condiciones: 1 mes de fianza + 1 mes de depósito + seguro de responsabilidad civil No se admiten mascotas. Para visitarlo, por favor, contacta con nosotros por whatsapp begoña 663_06_65_70 ó enviando un correo electrónico. Este anuncio no es vinculante y puede contener errores. Se muestra a título informativo y no es contractual.",Disponible,E,221 kWh/m² año,E,46 Kg CO₂/m² año,,,,,Entre 30 y 50 años,1,True,,2,Central,,,,,,True,,,,1,,,3,,,,,,,,6ª,,True,250327-07,,,131 m²,,,True,,True,,,1695
https://www.pisos.com/alquilar/apartamento-rejas28022-54187238191_101000/,54187238191.101000,Rejas,San Blas,40.4430413,-3.5754374,1,Success,2025-05-30T19:36:14.458330,"ALFA- ALQUILA Si lo que estas buscando es un estupendo apartamento, bien situado con unas inmejorables zonas comunes, !!!!!!!! LO TENEMOS !!!!!!!! Alfa alquila apartamento amueblado en la zona del CC prenilunio, a tan solo 15 minutos del aeropuerto de Madrid Adolfo Suarez, y con una magnifica ubicación para poder desplazarte tanto en trasporte publico como en privado a cualquier zona de Madrid y alrededores. Este precioso apartamento esta distribuido en salón comedor, baño completo con 4 piezas, vestíbulo con armario empotrado con gran capacidad de almacenaje, 1 dormitorio con armario empotrado y la cocina que se encuentra completamente amueblado con electrodomésticos y todo el menaje necesario para su habitabilidad, además de una terraza tendedero cubierta para mayor comodidad de la vivienda. Toda el apartamento dispone de paredes en pintura lisa, el cerramiento exterior es de ventanas de aluminio lacado con acristalamiento tipo CLIMALIT. Las persianas son de aluminio lacado con aislamiento térmico para mayor, de esta manera dispondremos también de un mayor aislamiento acústico. La vivienda dispone de una amplia plaza de garaje para coche y moto por su gran tamaño y trastero. Zonas comunes a destacar: Amplias praderas verdes situadas en la zona de la piscina. Sala gourmet donde poder disfrutar de cualquier celebración. Edificación para el conserje físico de la urbanización. Circuito cerrado de cámaras de televisión. Pista de paddel Zona de juegos infantil !!!!!!!! VEN A VISITARLO TE ESPERAMOS !!!!!!!!!!",Pendiente de completar,,,,,,,,,,2,,,1,,,,,,,,,En buen estado,True,,,,1,,,,,,Sudeste,True,,,True,2209/48,con cámaras de seguridad,,81 m²,62 m²,,,,True,,,1100
https://www.pisos.com/alquilar/piso-salamanca_castellana28006-51716059612_149200/,51716059612.149200,Castellana,Salamanca,40.4370037,-3.6828982,1,Success,2025-05-30T19:36:16.163651,"ÚNICA Inmobiliaria ofrece en exclusiva este estupendo piso situado en plena calle Velázquez con una luz extraordinaria gracias a su altura y orientación. Se trata de una vivienda de techos altos, que consta de hall de entrada, salón-comedor de aproximadamente 30 m2, cocina independiente totalmente equipada, 3 dormitorios (principal en suite) y otro baño completo adicional. Toda ella con climatización por conductos, calefacción individual por gas natural, excelentes carpinterías exteriores e interiores, suelos de tarima maciza y armarios perfectamente vestidos. Existe la posibilidad de alquilar una plaza de garaje en las inmediaciones por importe de 200€ adicionales. Se encuentra ubicado dentro de una finca clásica del Barrio de Salamanca, plena calle Velázquez, con todo lo que ello conlleva, en cuanto a servicios y dotaciones. Para cualquier aclaración no duden en ponerse en contacto con nosotros.",En trámite,,,,,True,,Frío,,Más de 50 años,Más de 2,True,,2,Gas natural,,,Aluminio,Lacada,,Independiente,,En buen estado,True,,,,3,,,,,,Sur,,5ª,True,True,426508,Portero físico,True,115 m²,109 m²,,,,,,True,2700
https://www.pisos.com/alquilar/piso-penagrande28035-52559515484_521139/,52559515484.521139,Peñagrande,Fuencarral-El Pardo,40.4784458,-3.7191302,1,Success,2025-05-30T19:36:17.895636,"¡Bienvenido a tu nuevo hogar en el encantador barrio de Peñagrande! Este piso a estrenar, con acabados de lujo, te ofrece una experiencia de vida excepcional. AMUEBLADO Al entrar, te sorprenderá su luminoso dormitorio independiente y la gran capacidad de almacenaje gracias al armario empotrado en la entrada. La cocina abierta se integra perfectamente al salón comedor, equipada con electrodomésticos de última generación, ideal para los amantes de la gastronomía. El baño, con su elegante cabina de ducha, promete momentos de relajación. Disfruta del confort durante todo el año con el aire acondicionado por conductos y la calefacción de bomba de aire frío y calor. Además, la preinstalación de un sistema de alarma te proporciona una tranquilidad adicional. Las zonas comunes incluyen una piscina y portería, perfectas para disfrutar del tiempo libre. La ubicación es inmejorable, en una zona residencial tranquila pero con acceso a una amplia oferta de servicios y comercios, y a solo un paso del Centro Comercial La Vaguada. No pierdas la oportunidad de vivir en este magnífico piso que combina confort, estilo y conveniencia. ¡Ven a descubrirlo!",En trámite,,,,,,,,True,Menos de 5 años,Más de 2,,,1,Eléctrica,,,PVC,,,Amueblada y equipada,Amueblado,A estrenar,True,,,,1,,Comunitario,,,,Sureste,Comunitaria,Bajo,True,True,000026,True,True,55 m²,50 m²,,,Tarima flotante,,,,1200
https://www.pisos.com/alquilar/piso-carabanchel_buenavista28044-53389624349_996848/,53389624349.996848,Buenavista,Carabanchel,40.3757812,-3.7531432,1,Success,2025-05-30T19:36:19.587213,"Ático de un solo dormitorio con cocina equipada. Cocina integrada en salón. Tendedero cubierto. Dormitorio independiente, baño completo con plato de ducha 3 meses de fianza ( 1 fianza + 2 Depósito) Presentar nominas y contrato. No se admiten mascotas. Contrato alquiler anual renovable a 7 años.",En trámite,,,,,,,Frío y calor,,Entre 5 y 10 años,1,True,,1,Gas natural,,,PVC,,,,,En buen estado,True,,True,,1,,,,,True,,,3ª,,True,000032,,,60 m²,50 m²,,19 metros,Gres,True,,,1000
https://www.pisos.com/alquilar/atico-recoletos28001-53358152643_528426/,53358152643.528426,Recoletos,Salamanca,40.427960162,-3.689260731,1,Success,2025-05-30T19:36:21.300168,Para mas informacion llamar,En trámite,,,,,,,Frío,,,Más de 2,True,,5,Central,,,,,True,True,True,A estrenar,True,,,,10,,,,,,,,6ª,,,1,,True,300 m²,280 m²,,True,,,,,9000
https://www.pisos.com/alquilar/piso-barrio_de_salamanca_castellana28006-52512076268_149200/,52512076268.149200,Castellana,Salamanca,40.4351607,-3.6836548,1,Success,2025-05-30T19:36:23.018114,"UNICA Inmobiliaria, les presenta esta estupenda vivienda, situada en una finca contemporánea, de lujo, con posibilidad de alquilar también, las plazas de garaje de acceso directo en la misma finca. Esta edificación esta bien cuidada, con conserje todos los días del año. El inmueble esta situado en una 3º planta exterior, con vistas a un precioso y tranquilo, patio de manzana, con orientación Noreste. Tiene una superficie de 110 m2, con un trastero de 15 m2. Esta distribuido de la siguiente forma: - Al acceder nos encontramos un pequeño hall de entrada, que distribuye la vivienda en la zona principal, bien separada de la zona de descanso. - En la zona principal nos encontramos con el salón – comedor, comunicado con un amplio ventanal y bonitas vistas. - La cocina esta cercana, es amplia e independientes, esta equipada con todos los electrodomésticos. - Un amplio cuarto de baño, completo. - En la zona de descanso se encuentran los dos dormitorios dobles, siendo el principal en suite. - Tiene un total de 2 cuartos de baño. Es una finca con fácil acceso para personas con movilidad reducida, hay servicio de recogida de basuras. La plaza del Marqués de Salamanca, la única plaza del barrio de Salamanca, constituye el límite entre la zona acaudalada y la zona popular. Las viviendas características del arquitecto vasco Cristóbal Lecumberri Gandarias, con amplios portales para carruajes, patios interiores y una altura máxima de 3 o 4 plantas, se conservan en la zona delimitada por las calles de Villanueva, Serrano, Goya y Claudio Coello. Además, esta fue la primera zona en ser urbanizada por José Salamanca y Mayol, marqués de Salamanca y conde de los Llanos. El barrio de Castellana es, un barrio residencial constituido a finales del siglo XIX y caracterizado por el alto poder adquisitivo de sus moradores y por la belleza de sus fachadas, de porte señorial y llamativa arte arquitectónica. Donde hay habitantes así, suelen proliferar también restaurantes buenos, galerías de arte y tiendas creadas para satisfacer los gustos más exquisitos. barrio de Castellana puede ser o quizá aspirar a ser, con mucha razón, uno de los mejores barrios de la capital, un sitio cómodo, con servicios de todo tipo, limpio y seguro. Donde muchas embajadas extrajeras, eligen como la mejor de las Ubicaciones.",En trámite,,,,,True,,Frío y calor,,Entre 30 y 50 años,4 armarios.,True,True,2,Gas natural,,,Aluminio,Lacado en blanco.,,Equipada e independiente.,Comunica con el salón.,En buen estado,Preciosa vistas a patio de manzana.,,True,,2,,,,,True,Noreste,,3ª,True,Acorazada.,426573,True,,110 m²,,,,Tarima flotante,True,,True,3000
https://www.pisos.com/alquilar/piso-berruguete28039-53383290265_100500/,53383290265.100500,Berruguete,Tetuán,40.4621,-3.70241,1,Success,2025-05-30T19:36:24.739920,"Totalmente reformado / 1 dormitorio / 1 baño / aire acondicionado / equipado y para entrar a vivir / garaje y trastero opcionales Se trata de un coqueto piso de 50 m², con 1 dormitorio, 1 baño, salón y cocina, todo nuevo, recién reformado, amueblado y equipado con todos los electrodomésticos, . Para que estés a gusto todo el año, cuenta con bomba frío calor. Opcional: - garaje: 125 € / mes - trastero: 75 € / mes Ideal para una persona o parejas Mobiliario moderno, ducha, puertas lacadas en blanco. Ventanas renovadas, de seguridad, de aluminio climalit y con rotura de puente térmico Lavavajillas secadora tostadora licuadora secador Trastero con alarma y perchas para cambio de ropa de temporada etc Todo nuevo Calefacción por radiadores eléctricos de bajo consumo + inverter frío calor Puerta acorazada Pintura lisa Requisitos: * no están permitidas mascotas * 1 mes de fianza * 1 mes de garantía adicional * aval bancario * aportar documentación acreditativa de ingresos Si estás interesado ponte en contacto para agendar una visita.",En trámite,,,,,,,True,True,,1,,,1,,,,,,,True,,En buen estado,True,1,,,1,,,,,,,,1ª,,,107802859,,,50 m²,49 m²,,,,True,,,1000
https://www.pisos.com/alquilar/piso-recoletos28009-53427720365_100500/,53427720365.100500,Recoletos,Salamanca,40.4223,-3.68095,1,Success,2025-05-30T19:36:26.443259,"222m / 4 dormitorios / 4 Baños / Trastero / Portero Físico Ubicada en una de las calles más emblemáticas de Madrid junto al Parque del Retiro, esta elegante propiedad completamente reformada fusiona el encanto de la estética clásica con todas las comodidades de un piso moderno. Techos altos con molduras labradas, suelos de madera en espiga, puertas en arco, entrada principal y de servicio. enmarcan la atmósfera de esta vivienda que se entrega amueblada, decorada con un exquisito diseño y completamente equipada. Tiene 222 metros construidos con una práctica distribución. La entrada principal da acceso a un hall ancho y luminoso que invita a recorrer el elegante salón comedor dividido en dos estancias muy luminosas con dos balcones a la calle. En frente la cocina independiente y completamente equipada y un aseo encantador. A continuación, por el pasillo ancho y luminoso llegamos a los 4 dormitorios cada uno con climatización independiente: el principal con una magnífica moldura circular, es amplio, coqueto, con un gran armario revestido y con un elegante baño en suite. Los otros tres dormitorios, también perfectamente vestidos y equipados, cuentan con sus 3 baños correspondientes. Junto a la puerta de servicio encontramos el cuarto de lavandería. La propiedad ofrece también un trastero, portero físico y unos elegantes accesos. El edificio se encuentra en una zona magníficamente comunicada, con todos los servicios necesarios y la mejor oferta de ocio y cultura de Madrid. La presente publicación tiene carácter meramente informativo, orientativo y no vinculante, por lo que no supone información contractual alguna, siendo su uso estrictamente comercial. Este anuncio puede contener errores, se muestra a título informativo de la información recibida, sin ser responsable la inmobiliaria de dichos errores.",Disponible,E,189 kWh/m² año,G,39 Kg CO₂/m² año,,True,True,True,Más de 50 años,1,True,True,5,Central,,,,,,,True,,,,,,4,,,,,,Noroeste,,3ª,,True,Alquiler_PRIME/10809,,,222 m²,198 m²,,,Tarima maciza,True,,,7750
https://www.pisos.com/alquilar/piso-chamartin_prosperidad28002-54248261342_100200/,54248261342.100200,Prosperidad,Chamartín,40.4415799,-3.674892,1,Success,2025-05-30T19:36:28.143282,"Agencia Inmobiliaria de Madrid - Zona Chamartín - Príncipe de Vergara, El Viso - Zona Auditorio - Tecnocasa - Alquila Ático en buen estado compuesto por Hall, 2 dormitorios, salón con acceso a la amplia terraza, cocina independiente y cuarto de baño con plato de ducha. Exterior muy luminoso. Calefacción centtral. Buena finca con ascensor y trastero. Dispone de todo tipo de servicios a menos de 5 minutos andando del centro de salud, Polideportivo Municipal de Pradillo, zonas de recreo, parques, comercios y mercado, supermercados, colegios, guarderías y transporte público. Muy bien comunicado con el centro de la ciudad y el aeropuerto, a 5 minutos andando de las paradas de metro Alfonso XIII, Concha Espina, Prosperidad o Cruz del Rayo y varias líneas de autobuses disponibles en López de Hoyos y Príncipe de Vergara. Cerca de salida M-30 y al Parque de Berlín. La propiedad se ubica en el barrio residencial de Ciudad Jardín, dentro del Distrito de Chamartín, al norte de la capital con acceso directo a la M-30 y a pocos metros de la calle Serrano, Príncipe de Vergara y Paseo de la Castellana.",Disponible,E,222 kWh/m² año,E,21 Kg CO₂/m² año,,,True,,Más de 50 años,,True,,1,,,,,,,True,,En buen estado,,,,,2,,,,,,,,6ª,,,621195,,,86 m²,,,True,Parquet,,,,1800
https://www.pisos.com/alquilar/piso-chamartin_el_viso28002-53412347550_101800/,53412347550.101800,El Viso,Chamartín,40.4483,-3.67819,1,Success,2025-05-30T19:36:29.852401,"Príncipe de Vergara: Edificio representativo de la zona. Piso de 3 dormitorios, todos para cama de matrimonio. Gran cocina en la que nos encontramos un comedor de diario, zona tendedero. 1 baño completo + 1 aseo. Piso con mucha luz. El aire acondicionado da servicio al salón. Edificio con portero físico. Calefacción y agua caliente centrales (se le cargarán al inquilino los consumos). 1 mes de fianza + 2 meses de garantía adicional En Jaime Valcarce Consulting Inmobiliario comercializamos esta propiedad en EXCLUSIVA.",Disponible,C,104 kWh/m² año,C,54 Kg CO₂/m² año,,,,,Entre 30 y 50 años,,True,,2,Central,,,,,,True,,,,,,,3,,,,,,,,2ª,,,19,,,122 m²,,,,,,,,2350
https://www.pisos.com/alquilar/piso-salamanca_castellana28006-37558398811_100500/,37558398811.100500,Castellana,Salamanca,40.4325352,-3.6811678,1,Success,2025-05-30T19:36:31.560776,"DIZA Consultores les presenta una oportunidad excepcional en el corazón de Barrio Salamanca, Madrid: una vivienda de lujo en la prestigiosa Calle Juan Bravo, a escasos pasos de la elegante Calle Velázquez. Esta propiedad, que se encuentra en la codiciada Milla de Oro de Madrid, está estratégicamente ubicada y ofrece una conectividad insuperable, con la estación de metro de Núñez de Balboa a solo 2 minutos a pie. Este exclusivo apartamento, completamente amueblado y diseñado con atención a los detalles, es ideal para ejecutivos que buscan alojamiento de alta calidad durante sus estancias en Madrid, así como para familias que desean experimentar la vida en uno de los vecindarios más distinguidos de la ciudad. Se accede a la propiedad a través de un amplio vestíbulo que sirve como preludio a una experiencia de vida excepcional. El diseño de espacios abiertos crea una sensación de amplitud y luminosidad en todo el inmueble, que abarca generosos 300 metros cuadrados. La vivienda se distribuye en cuatro habitaciones, incluyendo tres habitaciones dobles y una individual, cada una de ellas con su propio cuarto de baño completo, además de un aseo adicional para invitados. El corazón de esta residencia es un espacioso salón, con dos ambientes distintos, una cálida chimenea y acceso directo a una terraza que invita a disfrutar de momentos de relajación al aire libre. Además, un despacho ofrece un espacio de trabajo privado, mientras que un comedor independiente es perfecto para cenas formales o reuniones familiares. La cocina de esta propiedad es un sueño hecho realidad para los amantes de la cocina, equipada con los electrodomésticos más modernos y una zona de lavado independiente con fregadero, lavadora y secadora. Para su comodidad, la vivienda cuenta con agua caliente, aire acondicionado y calefacción central. La conectividad es una prioridad, por lo que esta propiedad ofrece tres zonas de conexión WiFi y una conexión de fibra óptica de alta velocidad, incluidas en el precio del alquiler. Esta residencia de lujo en Barrio Salamanca, Madrid, representa el equilibrio perfecto entre comodidad, elegancia y ubicación privilegiada. No pierda la oportunidad de vivir una experiencia única en uno de los vecindarios más exclusivos de la capital. Disponible a partir de Diciembre de 2023. DIZA Consultores Inmobiliarios. Inmobiliaria de lujo en Madrid especializada en comprar, vender y alquilar pisos en las zonas premium de Madrid: Barrio de Salamanca, Almagro, Chamartín, Retiro, Pozuelo, Aravaca, Boadilla. Convertimos Sueños en Hogares.",Pendiente de completar,,,,,,,Frío,True,,1,True,,5,Central,,,,,,Cocina amueblada,,En buen estado,True,,,,4,,,True,,,Sur,,1ª,,,ALQALJBCE,,,334 m²,280 m²,,True,Parquet,,,True,6500
